student_id,minutes_watched,paid_in_q2
6,162.06,1
221,469.07,1
516,92.54,1
520,182.36,1
523,1322.25,1
594,3.73,1
603,8.18,1
608,387.68,1
614,674.40,1
616,4413.80,1
618,3824.45,1
659,1337.60,1
666,332.90,1
691,499.52,1
698,35.98,1
699,0.26,1
702,193.84,1
709,4.60,1
767,0.25,1
772,4160.58,1
778,604.80,1
782,101.76,1
792,13566.92,1
800,482.23,1
801,333.42,1
804,3598.49,1
805,48.47,1
810,760.68,1
829,302.70,1
830,2.45,1
832,358.18,1
838,1523.46,1
840,2244.26,1
841,3896.64,1
842,289.58,1
851,375.37,1
854,6.85,1
862,978.92,1
863,14373.39,1
865,2076.86,1
869,351.74,1
870,510.95,1
872,6.72,1
875,355.17,1
876,2.13,1
882,1080.68,1
893,740.24,1
894,0.07,1
900,3116.52,1
902,69.24,1
903,141.35,1
908,9112.08,1
911,3512.28,1
916,4746.98,1
928,99.05,1
930,638.08,1
933,717.52,1
936,379.87,1
956,1.92,1
959,12.30,1
961,326.13,1
965,2251.60,1
969,231.20,1
973,87.40,1
977,1.20,1
982,38.85,1
985,288.90,1
986,0.07,1
987,448.80,1
988,1092.84,1
991,3280.94,1
994,561.94,1
998,19.89,1
999,2594.24,1
1002,2789.04,1
1006,16.33,1
1008,946.00,1
1010,4.93,1
1014,191.83,1
1015,1026.30,1
1016,112.36,1
1018,171.12,1
1019,17.16,1
1029,187.95,1
1033,0.05,1
1034,646.50,1
1035,1449.77,1
1040,0.16,1
1042,807.76,1
1045,246.75,1
1046,1799.14,1
1052,68.66,1
1056,50.66,1
1057,3225.39,1
1063,18673.30,1
1064,27.08,1
1066,375.32,1
1067,0.81,1
1073,5.03,1
1081,906.70,1
1086,2684.55,1
1091,46.45,1
1099,0.56,1
1102,1967.64,1
1105,2.90,1
1116,0.12,1
1119,219.75,1
1125,11.38,1
1127,433.43,1
1128,1002.52,1
1132,279.74,1
1140,137.60,1
1143,42.04,1
1145,1314.70,1
1151,244.70,1
1155,18.26,1
1158,4.58,1
1165,81.36,1
1166,338.82,1
1169,49.65,1
1173,974.80,1
1175,846.00,1
1183,2666.06,1
1187,63.40,1
1188,70.80,1
1190,124.13,1
1196,238.46,1
1197,3516.56,1
1201,400.24,1
1207,368.20,1
1209,6.47,1
1211,4305.70,1
1212,84.04,1
1214,72.16,1
1215,18512.64,1
1216,0.18,1
1224,19.88,1
1226,12.83,1
1235,5.50,1
1238,152.40,1
1242,106.76,1
1244,78.09,1
1246,2950.46,1
1249,12.23,1
1253,0.45,1
1257,4.14,1
1259,759.92,1
1266,455.24,1
1271,162.20,1
1272,468.00,1
1283,0.99,1
1284,2345.92,1
1292,135.72,1
1294,1.75,1
1299,111.14,1
1306,137.86,1
1308,777.50,1
1313,1.10,1
1317,1552.84,1
1323,181.50,1
1324,90.70,1
1327,320.94,1
1330,108.10,1
1331,101.38,1
1336,57.90,1
1347,179.58,1
1350,1694.00,1
1353,4768.20,1
1355,697.20,1
1357,856.32,1
1363,1531.54,1
1369,4.95,1
1373,6429.47,1
1374,219.42,1
1375,28.78,1
1379,3143.92,1
1382,34.30,1
1388,174.36,1
1389,66.67,1
1393,0.05,1
1395,267.04,1
1397,2979.00,1
1419,1018.10,1
1424,136.73,1
1426,496.74,1
1428,339.83,1
1434,1690.60,1
1437,318.90,1
1456,3460.35,1
1459,190.44,1
1461,7.80,1
1463,7.25,1
1465,142.35,1
1468,21.86,1
1471,0.05,1
1473,97.74,1
1481,30.05,1
1482,709.34,1
1491,2594.37,1
1494,605.79,1
1498,65.24,1
1500,5749.80,1
1501,850.03,1
1502,0.63,1
1504,1072.95,1
1513,544.60,1
1522,393.90,1
1531,2.70,1
1532,2.22,1
1535,831.20,1
1537,0.26,1
1538,383.14,1
1542,4015.94,1
1544,53.40,1
1550,395.48,1
1553,166.30,1
1561,1100.90,1
1567,1843.10,1
1571,465.60,1
1587,281.76,1
1588,5.68,1
1595,102.67,1
1598,854.10,1
1600,100.65,1
1605,521.70,1
1606,11.16,1
1615,3.43,1
1633,26.30,1
1638,2120.70,1
1644,135.07,1
1649,3.95,1
1651,143.46,1
1652,644.90,1
1653,494.14,1
1658,159.55,1
1667,69.54,1
1669,518.84,1
1678,941.24,1
1680,1.63,1
1683,1078.18,1
1686,0.13,1
1688,1802.93,1
1693,299.90,1
1695,385.35,1
1701,678.78,1
1702,1.10,1
1705,606.20,1
1710,18.63,1
1711,277.30,1
1713,520.98,1
1732,2235.31,1
1733,230.23,1
1737,168.85,1
1739,218.60,1
1745,239.24,1
1759,266.76,1
1765,432.42,1
1773,1661.92,1
1776,1695.52,1
1778,1775.10,1
1784,0.39,1
1790,1340.68,1
1792,89.05,1
1794,376.26,1
1795,279.96,1
1801,6.00,1
1802,0.90,1
1820,104.48,1
1823,1499.22,1
1825,974.84,1
1827,3.20,1
1835,1386.55,1
1841,141.90,1
1849,163.70,1
1852,1763.91,1
1862,2.70,1
1863,236.70,1
1864,909.90,1
1866,2169.36,1
1867,18.21,1
1875,848.48,1
1880,189.96,1
1881,130.05,1
1896,3175.89,1
1897,568.71,1
1898,617.74,1
1900,118.40,1
1902,401.49,1
1908,94.84,1
1909,19.14,1
1911,329.19,1
1914,611.80,1
1917,182.82,1
1918,791.34,1
1932,51.77,1
1935,3.50,1
1938,652.24,1
1939,423.62,1
1945,46.30,1
1947,555.51,1
1950,429.54,1
1957,304.40,1
1959,2075.76,1
1960,552.76,1
1977,4972.75,1
1993,144.38,1
1994,1729.44,1
2003,186.24,1
2010,171.56,1
2018,645.90,1
2019,79.64,1
2022,21.32,1
2026,130.20,1
2051,323.14,1
2054,1562.08,1
2055,213.88,1
2056,55.85,1
2058,1.68,1
2064,232.02,1
2066,2171.96,1
2078,81.04,1
2079,4.47,1
2081,1413.54,1
2084,0.80,1
2091,4517.16,1
2092,2544.15,1
2093,4961.20,1
2099,250.57,1
2104,88.24,1
2106,1.98,1
2108,304.30,1
2112,4475.36,1
2113,174.08,1
2114,1392.66,1
2118,554.62,1
2120,581.67,1
2130,276.15,1
2135,33.66,1
2136,1209.87,1
2149,1812.54,1
2154,223.72,1
2157,8.94,1
2160,51.12,1
2162,114.65,1
2167,3548.40,1
2170,13.20,1
2185,1931.70,1
2187,643.38,1
2188,856.53,1
2190,839.30,1
2195,806.96,1
2207,332.40,1
2213,76.56,1
2217,128.10,1
2218,2010.34,1
2222,10.15,1
2229,8043.98,1
2231,131.42,1
2233,661.26,1
2236,55.11,1
2248,2796.46,1
2255,35.84,1
2256,83.94,1
2258,2155.94,1
2265,90.55,1
2266,162.24,1
2267,92.40,1
2274,1106.34,1
2275,0.75,1
2278,0.67,1
2284,271.86,1
2290,440.94,1
2292,17.00,1
2295,24.16,1
2303,515.16,1
2304,586.05,1
2306,20.45,1
2308,3.40,1
2312,51.25,1
2318,7.16,1
2324,6209.49,1
2332,68.26,1
2335,36.38,1
2338,42.35,1
2339,1093.62,1
2340,150.00,1
2351,56.25,1
2354,1848.67,1
2359,52.16,1
2362,125.08,1
2364,4769.16,1
2375,179.40,1
2377,185.76,1
2385,367.62,1
2397,1425.26,1
2398,0.84,1
2403,2.37,1
2406,72.00,1
2409,3297.90,1
2410,462.68,1
2414,219.82,1
2417,141.69,1
2429,48.36,1
2431,25.16,1
2437,216.66,1
2441,376.00,1
2447,574.28,1
2463,20.94,1
2477,54.48,1
2493,11913.30,1
2495,0.36,1
2501,1885.65,1
2506,34.50,1
2516,72.40,1
2529,169.34,1
2536,1810.76,1
2544,31.40,1
2546,287.61,1
2550,28.86,1
2555,211.60,1
2575,155.70,1
2577,3.45,1
2582,3155.04,1
2591,10045.62,1
2617,158.37,1
2620,147.06,1
2621,221.12,1
2622,15.87,1
2629,648.21,1
2630,180.10,1
2636,4462.71,1
2641,4.60,1
2642,148.72,1
2644,314.34,1
2650,30.20,1
2651,57.92,1
2653,1338.80,1
2655,162.00,1
2657,140.85,1
2661,5.18,1
2663,203.84,1
2671,10.38,1
2685,24.36,1
2688,826.34,1
2692,473.75,1
2698,84.34,1
2706,918.18,1
2708,0.34,1
2710,17.15,1
2719,98.40,1
2723,229.56,1
2725,53.80,1
2726,13.16,1
2731,119.49,1
2738,0.28,1
2741,4.50,1
2743,11.23,1
2750,14.98,1
2754,901.28,1
2761,0.30,1
2764,475.15,1
2772,1272.78,1
2774,557.95,1
2793,158.56,1
2797,39.58,1
2803,182.38,1
2805,248.62,1
2811,7851.69,1
2813,34.70,1
2815,1863.42,1
2819,81.15,1
2820,0.32,1
2821,351.25,1
2824,43.94,1
2825,2.34,1
2826,24.44,1
2827,3307.14,1
2830,2508.20,1
2831,80.36,1
2833,5.26,1
2839,290.97,1
2840,2.24,1
2843,19.63,1
2851,1506.24,1
2859,798.50,1
2866,14675.22,1
2877,518.52,1
2887,1133.00,1
2894,1.50,1
2899,4060.20,1
2911,8.10,1
2917,3136.20,1
2918,4208.54,1
2920,22.80,1
2922,433.32,1
2928,4.06,1
2929,639.03,1
2930,1329.00,1
2933,91.90,1
2938,1331.20,1
2943,2284.16,1
2950,0.26,1
2954,2844.00,1
2967,3.01,1
2973,1304.92,1
2978,70.46,1
2984,1944.75,1
3002,1377.88,1
3011,586.38,1
3016,145.02,1
3017,166.62,1
3022,507.85,1
3030,50.20,1
3031,136.78,1
3034,4.36,1
3048,20.78,1
3050,27.88,1
3062,75.70,1
3070,2590.89,1
3074,25.30,1
3075,350.91,1
3080,343.00,1
3082,26.25,1
3090,41.80,1
3092,1218.20,1
3099,83.88,1
3107,54.86,1
3112,44.84,1
3115,103.44,1
3130,0.46,1
3138,26.58,1
3146,1.08,1
3147,47.16,1
3148,297.78,1
3161,114.78,1
3162,807.94,1
3182,0.13,1
3187,153.74,1
3188,1218.10,1
3199,15.88,1
3213,1575.36,1
3215,531.96,1
3219,300.80,1
3221,280.89,1
3239,756.80,1
3248,68.46,1
3266,5.95,1
3272,835.98,1
3286,11.94,1
3288,186.98,1
3291,2758.94,1
3297,193.80,1
3303,886.44,1
3305,1233.60,1
3316,0.20,1
3338,1590.66,1
3359,2234.56,1
3364,380.43,1
3366,188.62,1
3367,1121.23,1
3379,1.40,1
3381,54.95,1
3393,20.34,1
3402,26.46,1
3414,0.23,1
3416,1.05,1
3419,2.54,1
3420,1408.71,1
3423,908.70,1
3426,17.50,1
3430,1346.00,1
3441,45.70,1
3447,20.20,1
3453,295.82,1
3466,503.40,1
3467,17.23,1
3468,2016.90,1
3470,20.23,1
3471,468.80,1
3473,35.80,1
3478,1648.34,1
3481,5.94,1
3494,816.21,1
3495,0.24,1
3498,1724.83,1
3512,383.12,1
3513,716.34,1
3524,349.26,1
3538,1083.85,1
3550,167.32,1
3558,1245.44,1
3575,507.56,1
3589,0.28,1
3598,100.56,1
3611,67.85,1
3613,1191.22,1
3626,824.05,1
3641,577.65,1
3643,2085.23,1
3647,1207.36,1
3659,5.37,1
3661,31.27,1
3663,903.43,1
3675,7.76,1
3679,19.55,1
3681,273.80,1
3685,4.75,1
3687,779.38,1
3688,170.40,1
3691,260.04,1
3698,11556.51,1
3700,131.03,1
3702,73.38,1
3704,21.83,1
3707,662.27,1
3708,1.33,1
3709,1440.35,1
3712,1291.95,1
3728,5362.50,1
3750,155.46,1
3758,153.97,1
3774,1069.77,1
3779,5330.70,1
3780,251.30,1
3781,17607.92,1
3785,362.23,1
3787,432.66,1
3797,920.46,1
3799,230.24,1
3809,7.32,1
3814,164.12,1
3815,210.95,1
3817,92.34,1
3824,17.34,1
3832,258.30,1
3840,0.42,1
3850,811.16,1
3852,2014.24,1
3856,1926.74,1
3857,5.00,1
3860,799.35,1
3864,2346.15,1
3865,455.40,1
3874,4.06,1
3875,1552.89,1
3878,12.18,1
3897,0.24,1
3908,79.92,1
3913,0.20,1
3914,25.74,1
3920,0.14,1
3927,2786.14,1
3931,1.98,1
3934,98.72,1
3936,599.56,1
3938,100.76,1
3943,167.14,1
3949,214.07,1
3965,9.58,1
3969,56.20,1
3977,109.32,1
3980,48.60,1
3983,55.86,1
3984,1394.26,1
3985,0.37,1
3987,206.74,1
4001,362.30,1
4003,0.05,1
4013,1200.62,1
4019,1245.90,1
4034,1226.82,1
4040,740.58,1
4043,2192.08,1
4050,4047.10,1
4053,99.06,1
4054,199.16,1
4055,17.66,1
4062,89.43,1
4097,0.07,1
4104,251.62,1
4112,4.95,1
4132,2009.48,1
4135,0.16,1
4143,229.80,1
4156,1131.15,1
4158,19.97,1
4160,602.40,1
4162,1.65,1
4186,453.50,1
4220,39.90,1
4230,262.80,1
4231,1339.84,1
4241,58.10,1
4266,330.60,1
4294,51.43,1
4311,9.16,1
4320,15.39,1
4322,51.80,1
4336,947.95,1
4337,2037.24,1
4347,34.98,1
4360,410.67,1
4363,55.52,1
4371,27.80,1
4376,429.36,1
4377,42.03,1
4381,15.08,1
4384,796.64,1
4393,117.22,1
4395,3.90,1
4400,2075.54,1
4402,324.80,1
4404,1230.70,1
4413,833.65,1
4435,2418.96,1
4450,0.35,1
4458,69.93,1
4464,67.80,1
4514,1224.60,1
4515,87.05,1
4522,1.34,1
4537,678.32,1
4539,0.05,1
4544,49.55,1
4551,0.13,1
4553,0.12,1
4568,103.60,1
4574,36.10,1
4582,123.75,1
4585,635.97,1
4593,2.80,1
4595,179.10,1
4609,19.22,1
4613,654.15,1
4615,0.37,1
4617,1127.90,1
4621,1119.22,1
4629,3625.66,1
4640,587.64,1
4646,298.74,1
4685,12.56,1
4686,9.36,1
4692,106.05,1
4698,51.76,1
4706,304.38,1
4707,3924.15,1
4721,4833.30,1
4723,311.46,1
4739,3075.88,1
4743,36.70,1
4745,225.20,1
4751,2.50,1
4756,290.25,1
4784,26.74,1
4790,411.30,1
4793,10.26,1
4795,510.04,1
4797,10.54,1
4801,359.40,1
4803,218.30,1
4827,20.76,1
4828,0.48,1
4829,1987.66,1
4837,1635.00,1
4843,1784.64,1
4849,2723.32,1
4861,10.80,1
4869,556.38,1
4872,721.40,1
4874,1174.86,1
4877,25.20,1
4884,0.20,1
4898,306.86,1
4917,1.90,1
4921,275.78,1
4927,79.94,1
4939,3121.83,1
4946,22.57,1
4958,7246.15,1
4969,36.26,1
4972,675.08,1
4991,2840.31,1
5010,1174.41,1
5028,1638.36,1
5036,4820.75,1
5058,15.68,1
5063,0.10,1
5064,504.34,1
5070,363.14,1
5071,630.64,1
5075,575.22,1
5076,696.76,1
5080,2681.64,1
5088,0.78,1
5094,2367.84,1
5098,563.06,1
5104,760.20,1
5130,1750.16,1
5136,13.90,1
5143,60.24,1
5153,59.78,1
5155,109.20,1
5203,2043.45,1
5212,1247.16,1
5221,0.07,1
5223,585.87,1
5227,0.33,1
5262,426.52,1
5274,22.08,1
5279,139.42,1
5286,453.20,1
5299,265.10,1
5309,710.53,1
5321,1777.00,1
5323,192.80,1
5325,499.50,1
5334,34.44,1
5336,589.03,1
5340,521.60,1
5358,14.98,1
5373,244.58,1
5380,1.74,1
5382,2277.08,1
5385,1004.64,1
5389,0.66,1
5391,715.10,1
5392,86.24,1
5424,28.80,1
5427,1037.00,1
5434,461.15,1
5450,59.31,1
5453,1559.02,1
5502,979.32,1
5511,0.07,1
5515,7.28,1
5543,975.42,1
5567,1523.80,1
5574,9.08,1
5577,252.53,1
5578,16.02,1
5579,29.52,1
5589,293.04,1
5591,44.45,1
5598,28.13,1
5601,245.80,1
5612,346.10,1
5632,112.48,1
5633,2118.77,1
5638,38.54,1
5644,0.14,1
5663,27.60,1
5671,29.20,1
5676,6.62,1
5683,32.85,1
5686,136.97,1
5687,144.90,1
5704,1.10,1
5707,234.94,1
5716,4.53,1
5717,654.66,1
5720,2622.95,1
5734,1262.52,1
5739,300.36,1
5744,119.47,1
5750,0.76,1
5774,44.20,1
5782,297.85,1
5791,6.30,1
5836,3778.74,1
5884,130.06,1
5939,17.73,1
5955,1887.51,1
5971,161.79,1
5974,4070.52,1
5996,61.93,1
6010,3968.32,1
6011,328.70,1
6012,6.45,1
6027,24.15,1
6030,385.35,1
6034,0.08,1
6043,327.06,1
6070,473.04,1
6096,777.84,1
6110,559.10,1
6125,1164.38,1
6129,194.10,1
6165,98.75,1
6218,29.46,1
6227,471.24,1
6239,290.88,1
6252,1229.46,1
6253,283.95,1
6261,0.36,1
6278,2924.61,1
6312,489.53,1
6330,421.88,1
6331,55.35,1
6363,124.00,1
6367,157.07,1
6379,422.84,1
6394,332.57,1
6395,1044.66,1
6408,1501.80,1
6409,169.73,1
6410,78.80,1
6418,42.45,1
6421,1981.89,1
6433,762.54,1
6451,36.60,1
6464,203.88,1
6488,5874.48,1
6503,16.46,1
6505,161.64,1
6530,3627.78,1
6542,128.68,1
6548,2072.47,1
6559,320.84,1
6560,40.70,1
6569,4.35,1
6580,26.72,1
6589,1331.31,1
6599,370.37,1
6616,1512.77,1
6627,49.70,1
6643,8129.70,1
6659,189.13,1
6665,24.35,1
6667,11.43,1
6681,8.45,1
6685,523.63,1
6698,70.26,1
6739,10037.60,1
6741,65.94,1
6743,23.97,1
6745,173.60,1
6757,71.00,1
6762,1484.61,1
6773,36.06,1
6791,261.13,1
6814,54.86,1
6817,135.00,1
6819,1207.60,1
6824,307.50,1
6836,33.53,1
6864,6.02,1
6867,9.08,1
6869,79.50,1
6871,42.69,1
6884,4527.21,1
6885,1954.24,1
6888,58.65,1
6890,581.64,1
6921,2346.40,1
6924,536.10,1
6932,410.40,1
6939,0.43,1
6940,71.80,1
6944,15.43,1
6950,205.76,1
6958,384.82,1
6965,227.61,1
6976,8433.99,1
6982,110.90,1
6997,986.88,1
7008,0.66,1
7013,231.54,1
7015,0.17,1
7021,31.60,1
7034,7005.45,1
7071,1382.28,1
7076,6.00,1
7081,60.90,1
7086,2298.26,1
7094,1.30,1
7096,133.17,1
7100,3400.25,1
7101,1361.60,1
7115,17.33,1
7122,379.50,1
7127,231.30,1
7128,592.88,1
7129,8.62,1
7133,483.70,1
7155,147.48,1
7163,505.24,1
7169,32.10,1
7178,167.56,1
7179,7.46,1
7197,1235.66,1
7212,25.83,1
7217,5.16,1
7231,570.33,1
7232,353.74,1
7242,106.23,1
7244,1339.66,1
7245,231.60,1
7246,2654.75,1
7250,180.64,1
7254,363.28,1
7275,6.86,1
7282,92.18,1
7291,23.16,1
7294,388.41,1
7306,396.90,1
7307,463.36,1
7310,32.13,1
7334,612.00,1
7343,1970.10,1
7349,1270.92,1
7355,0.74,1
7358,490.41,1
7365,648.78,1
7373,17.98,1
7382,1938.94,1
7386,280.12,1
7404,14.57,1
7406,7.55,1
7412,3862.54,1
7437,2286.36,1
7439,28668.66,1
7443,29.66,1
7452,27.45,1
7475,1112.46,1
7482,110.27,1
7483,1.85,1
7487,681.27,1
7495,0.45,1
7502,134.38,1
7503,134.64,1
7521,177.75,1
7524,0.24,1
7540,579.36,1
7548,27.86,1
7561,890.02,1
7568,1375.26,1
7583,712.57,1
7606,29.40,1
7612,5346.72,1
7620,236.74,1
7631,45.86,1
7642,645.48,1
7645,288.75,1
7649,149.07,1
7676,0.05,1
7687,2416.87,1
7724,72.30,1
7726,73.70,1
7735,0.10,1
7742,426.44,1
7752,141.30,1
7782,271.30,1
7819,5.98,1
7861,3837.74,1
7863,2.32,1
7873,39.28,1
7889,1.15,1
7898,131.74,1
7908,701.17,1
7934,131.86,1
7962,32.77,1
7975,188.34,1
7987,3.35,1
8005,1456.05,1
8010,962.16,1
8018,267.14,1
8030,364.94,1
8053,34.40,1
8057,111.20,1
8059,112.58,1
8068,223.10,1
8095,1395.60,1
8107,0.95,1
8133,305.76,1
8183,524.16,1
8223,755.36,1
8260,14.06,1
8380,667.08,1
8412,1096.56,1
8425,128.64,1
8437,774.47,1
8444,7.43,1
8452,205.26,1
8495,505.66,1
8519,27.17,1
8538,63.56,1
8539,398.30,1
8544,460.60,1
8555,94.05,1
8567,3.73,1
8591,297.20,1
8600,412.94,1
8641,48.30,1
8679,1.03,1
8686,0.44,1
8716,5.08,1
8734,953.80,1
8758,454.72,1
8773,22.30,1
8779,0.60,1
8797,67.96,1
8798,10.07,1
8825,0.22,1
8835,315.46,1
8855,12276.18,1
8868,669.30,1
8873,11.37,1
8912,291.22,1
8924,1138.16,1
8937,428.20,1
8950,10.86,1
8952,26.35,1
8964,62.10,1
9000,350.48,1
9021,159.27,1
9027,935.50,1
9031,1.55,1
9100,422.14,1
9107,2167.90,1
9108,2355.69,1
9112,17.86,1
9114,145.40,1
9178,59.30,1
9188,473.01,1
9231,289.16,1
9252,0.73,1
9260,2.08,1
9303,6.30,1
9305,4035.60,1
9334,68.37,1
9336,10.94,1
9354,15.90,1
9372,29.56,1
9387,26.86,1
9409,1923.06,1
9429,11469.64,1
9465,1022.00,1
9478,85.06,1
9513,57.70,1
9521,0.07,1
9544,0.40,1
9560,103.72,1
9571,325.10,1
9598,6403.32,1
9612,92.96,1
9653,3838.92,1
9703,1225.74,1
9708,197.14,1
9736,675.77,1
9746,2541.76,1
9754,35.94,1
9793,1071.82,1
9794,383.85,1
9803,274.00,1
9806,28.26,1
9812,9023.00,1
9856,493.82,1
9876,0.12,1
9882,112.43,1
9952,94.92,1
9985,101.84,1
9989,30.94,1
10002,810.16,1
10029,14.10,1
10057,26.70,1
10078,16.63,1
10103,8.75,1
10131,278.85,1
10158,347.70,1
10218,183.15,1
10272,43.90,1
10276,114.22,1
10288,771.34,1
10299,22.83,1
10337,4.60,1
10365,253.50,1
10390,43.15,1
10393,17731.75,1
10398,178.83,1
10595,38.34,1
10608,78.65,1
10662,2.93,1
10685,152.90,1
10690,0.16,1
10744,29.10,1
10748,1591.38,1
10791,75.86,1
10839,2565.84,1
10902,0.46,1
10938,7.59,1
11002,85.94,1
11026,75.42,1
11082,61.65,1
11124,18.45,1
11209,1285.90,1
11227,939.39,1
11311,566.57,1
11325,3110.10,1
11365,1076.46,1
11404,96.17,1
11489,68.90,1
11538,0.10,1
11583,155.85,1
11604,1117.05,1
11607,93.55,1
11628,70.46,1
11644,27.22,1
11711,82.71,1
11735,431.28,1
11739,5.95,1
11748,174.46,1
11800,149.46,1
11802,0.13,1
11808,140.60,1
11812,0.25,1
11813,0.45,1
11856,4814.08,1
11879,2540.88,1
11937,5.38,1
12033,12.93,1
12043,23.58,1
12073,73.04,1
12127,12.98,1
12146,6.62,1
12160,1565.98,1
12207,60.88,1
12222,625.15,1
12234,22.74,1
12241,281.86,1
12270,0.95,1
12279,0.14,1
12385,3072.96,1
12442,269.94,1
12473,143.57,1
12508,718.97,1
12534,58.78,1
12551,272.80,1
12589,469.90,1
12610,256.95,1
12644,0.95,1
12701,0.10,1
12735,217.38,1
12751,130.24,1
12761,619.74,1
12771,88.27,1
12781,1813.34,1
12797,5.02,1
12802,111.33,1
12808,3.08,1
12809,112.26,1
12811,0.76,1
12816,101.24,1
12857,688.50,1
12868,48.88,1
12898,87.75,1
12971,109.65,1
12989,883.03,1
13043,110.05,1
13073,1211.17,1
13076,259.97,1
13079,1392.70,1
13132,2255.25,1
13134,15.22,1
13169,4.04,1
13179,143.47,1
13180,496.04,1
13266,879.20,1
13388,6389.28,1
13463,96.56,1
13474,71.20,1
13501,86.15,1
13510,504.66,1
13566,283.14,1
13586,3.15,1
13620,2236.56,1
13644,323.86,1
13804,0.18,1
13807,60.66,1
13902,28.37,1
13960,19.53,1
14425,12.00,1
14470,8.45,1
14629,1339.03,1
14633,240.15,1
14700,663.26,1
14714,952.40,1
14735,1163.10,1
14765,5155.90,1
14915,1920.14,1
14953,38.83,1
14967,7.48,1
15110,0.24,1
15179,2.62,1
15345,874.44,1
15416,5.65,1
15472,304.10,1
15736,974.30,1
16043,491.30,1
16052,1152.36,1
16118,1387.87,1
16414,440.64,1
16417,0.14,1
16450,1018.14,1
16473,1.46,1
16632,1724.84,1
16725,3148.72,1
16728,403.86,1
16825,0.54,1
16832,0.20,1
16863,10.92,1
16991,13414.68,1
17159,333.76,1
17317,6.32,1
17524,146.22,1
17943,14.00,1
18314,6.30,1
18319,309.37,1
18360,582.57,1
18510,9.46,1
18678,348.06,1
18692,1701.70,1
18719,355.86,1
18722,121.03,1
18865,0.18,1
18954,1372.30,1
19005,1020.66,1
19053,16.23,1
19074,156.52,1
19124,1507.29,1
19150,266.74,1
19178,81.51,1
19268,140.66,1
19347,42.69,1
19562,1850.74,1
19636,63.30,1
19665,904.46,1
19692,117.28,1
19741,2.52,1
19821,528.08,1
19845,5.26,1
19900,54.52,1
19954,1838.46,1
19969,3.40,1
20120,674.35,1
20556,0.34,1
20733,265.40,1
21569,2294.76,1
21633,410.54,1
21793,19.57,1
21801,2.20,1
22161,0.21,1
22195,5.04,1
22351,0.23,1
22476,146.33,1
22533,2118.12,1
22653,0.08,1
22818,4757.57,1
23526,1.02,1
23708,1079.16,1
24006,19805.00,1
24423,3005.04,1
24434,16.90,1
24451,562.40,1
24924,1367.58,1
25047,93.53,1
25057,412.98,1
25156,376.07,1
25211,3060.12,1
25308,1223.96,1
25863,279.09,1
25992,23.58,1
26922,2.42,1
26933,773.90,1
26949,6.40,1
26958,354.16,1
27104,0.21,1
27576,392.03,1
27832,5.90,1
29303,2441.74,1
30427,6.55,1
30439,0.08,1
31588,13.65,1
32237,899.46,1
32669,134.06,1
32973,73.24,1
33796,530.49,1
33916,8.55,1
34049,14.30,1
34081,1.93,1
34981,0.86,1
35147,18.37,1
37017,228.13,1
37860,587.91,1
40867,22.53,1
41336,942.16,1
41451,316.26,1
41613,657.54,1
42675,1730.20,1
42928,235.80,1
44291,350.95,1
52075,0.32,1
52866,22.78,1
55709,0.08,1
58007,319.34,1
58539,24.05,1
63369,177.40,1
70008,113.53,1
71149,2111.46,1
71758,203.80,1
75080,364.58,1
86013,5.52,1
98559,415.07,1
101613,416.35,1
102023,995.93,1
103625,131.64,1
111107,821.58,1
111643,46.54,1
113546,6.48,1
115084,5.30,1
115657,1049.10,1
120374,951.14,1
123732,52.74,1
134788,385.70,1
135372,45.77,1
137389,8974.50,1
137893,3781.85,1
139185,14.83,1
141064,119.30,1
142411,0.46,1
142934,22282.08,1
143012,90.20,1
143038,753.02,1
143216,1744.90,1
143289,64.66,1
143305,37.17,1
143327,37.22,1
143392,557.30,1
143407,39.96,1
143444,127.00,1
143466,83.91,1
143489,1.54,1
143514,199.60,1
143519,18.94,1
143523,2242.05,1
143527,1147.55,1
143536,21.84,1
143561,2167.88,1
143597,12.10,1
143599,111.16,1
143643,524.80,1
143655,13.26,1
143691,44.46,1
143693,48.10,1
143701,2255.28,1
143711,45.50,1
143746,325.00,1
143770,167.87,1
143777,64.72,1
143781,1128.48,1
143797,505.35,1
143801,631.32,1
143853,5730.30,1
143920,62.46,1
143923,0.35,1
143958,41.95,1
144083,145.90,1
144087,0.08,1
144090,11.70,1
144119,2.25,1
144126,461.62,1
144164,1159.24,1
144174,571.18,1
144208,79.18,1
144220,39.83,1
144230,43.04,1
144240,431.10,1
144273,23.14,1
144293,8903.60,1
144305,4729.80,1
144343,484.56,1
144348,780.76,1
144355,25.15,1
144378,2740.34,1
144381,631.74,1
144384,442.50,1
144387,71.88,1
144395,533.00,1
144400,1630.59,1
144403,290.00,1
144426,1231.60,1
144444,65.95,1
144467,112.86,1
144492,423.90,1
144556,405.68,1
144565,612.32,1
144575,5852.50,1
144599,149.76,1
144627,1377.76,1
144644,203.00,1
144681,563.90,1
144682,872.14,1
144707,357.07,1
144713,22.95,1
144749,2044.96,1
144764,3029.95,1
144786,2604.84,1
144788,1149.90,1
144789,73.33,1
144843,13474.80,1
144869,2733.86,1
144873,146.52,1
144874,1568.49,1
144900,1644.45,1
144907,1.44,1
144912,188.65,1
144929,550.20,1
144939,2976.32,1
144956,347.70,1
144987,237.87,1
145013,543.50,1
145050,2019.00,1
145089,494.50,1
145091,130.93,1
145135,884.43,1
145167,512.36,1
145179,37.26,1
145183,368.56,1
145185,2225.25,1
145190,10.90,1
145196,90.04,1
145230,6.97,1
145231,39.27,1
145235,72.90,1
145240,759.15,1
145254,408.35,1
145258,350.23,1
145278,310.66,1
145281,141.47,1
145285,1885.12,1
145290,11010.60,1
145308,237.77,1
145310,19.92,1
145344,17.20,1
145345,549.08,1
145349,781.90,1
145353,486.95,1
145370,1101.90,1
145386,824.66,1
145399,0.10,1
145464,136.90,1
145477,921.84,1
145502,3006.54,1
145560,260.48,1
145569,1294.44,1
145628,0.35,1
145672,3622.50,1
145681,1128.80,1
145684,3.76,1
145730,7849.72,1
145747,371.00,1
145751,106.20,1
145754,17.66,1
145762,609.87,1
145768,1645.70,1
145773,2.68,1
145774,28.05,1
145792,105.37,1
145793,612.51,1
145795,931.72,1
145796,1601.16,1
145813,640.54,1
145821,519.46,1
145822,9.84,1
145834,2208.94,1
145842,0.30,1
145853,94.30,1
145867,197.88,1
145868,280.47,1
145873,8648.75,1
145877,321.75,1
145899,749.84,1
145903,1.48,1
145905,5387.76,1
145915,2810.63,1
145944,610.56,1
145954,1273.14,1
145957,38.26,1
145965,2779.29,1
145993,4461.72,1
146015,2932.56,1
146021,441.77,1
146036,72.13,1
146049,220.87,1
146051,60.06,1
146052,924.80,1
146068,85.70,1
146133,391.80,1
146144,83.57,1
146145,62.24,1
146149,371.68,1
146172,1200.50,1
146185,44.33,1
146189,192.72,1
146201,2495.00,1
146224,620.02,1
146249,50.74,1
146252,177.80,1
146308,620.76,1
146339,1147.05,1
146352,817.13,1
146367,801.77,1
146384,25.48,1
146397,2911.34,1
146419,0.46,1
146424,912.76,1
146427,953.16,1
146429,1.50,1
146457,460.25,1
146479,1360.68,1
146485,431.97,1
146487,119.35,1
146498,3602.55,1
146514,1416.00,1
146518,493.05,1
146526,1023.00,1
146536,745.86,1
146542,329.28,1
146551,338.58,1
146552,0.43,1
146555,2.12,1
146568,9.67,1
146578,632.40,1
146608,695.60,1
146613,4373.36,1
146625,195.39,1
146730,153.30,1
146734,38.36,1
146760,77.70,1
146767,440.23,1
146772,39.27,1
146788,3069.76,1
146799,162.60,1
146801,1512.34,1
146807,223.90,1
146821,302.12,1
146851,707.76,1
146853,59.06,1
146855,13.84,1
146859,430.36,1
146865,68.70,1
146866,952.30,1
146872,958.22,1
146880,133.06,1
146888,353.54,1
146891,861.13,1
146897,261.80,1
146906,19.66,1
146907,108.30,1
146908,121.43,1
146909,139.73,1
146914,276.08,1
146929,2.33,1
146932,37.77,1
146937,76.37,1
146940,0.17,1
146948,955.86,1
146958,1267.94,1
146960,448.60,1
146964,565.54,1
146976,413.65,1
146977,869.30,1
146990,337.04,1
146991,193.72,1
147005,1700.40,1
147013,112.90,1
147015,1401.94,1
147025,23.12,1
147043,438.03,1
147044,1.60,1
147045,1072.68,1
147047,499.78,1
147053,66.00,1
147054,4551.37,1
147057,347.85,1
147059,155.47,1
147061,1909.50,1
147062,37.60,1
147066,224.63,1
147076,20.70,1
147083,1712.27,1
147087,349.07,1
147102,426.80,1
147111,17.32,1
147136,420.23,1
147142,359.02,1
147143,1500.24,1
147146,119.24,1
147148,547.43,1
147149,532.14,1
147150,350.20,1
147152,69.62,1
147158,998.30,1
147159,2.70,1
147161,140.32,1
147169,540.97,1
147178,60.95,1
147180,891.56,1
147181,18.15,1
147183,315.47,1
147197,534.48,1
147200,440.95,1
147217,662.72,1
147231,350.90,1
147236,1482.80,1
147249,36.48,1
147258,1454.27,1
147259,4.20,1
147269,671.00,1
147290,493.94,1
147291,22.74,1
147305,54.95,1
147317,700.20,1
147319,109.14,1
147323,33.13,1
147338,1507.50,1
147346,319.14,1
147356,1363.30,1
147359,33.35,1
147368,96.73,1
147385,952.58,1
147388,181.52,1
147405,1965.28,1
147430,642.07,1
147437,715.17,1
147441,103.71,1
147444,302.16,1
147446,1260.74,1
147447,219.18,1
147448,1746.66,1
147449,233.15,1
147460,1150.08,1
147473,5170.30,1
147479,2327.10,1
147506,193.87,1
147515,26.10,1
147526,327.18,1
147530,668.00,1
147546,546.80,1
147550,40.12,1
147555,928.74,1
147568,0.95,1
147576,1254.07,1
147579,65.32,1
147591,160.16,1
147593,1591.76,1
147600,540.73,1
147603,6462.03,1
147604,1458.12,1
147612,2087.04,1
147618,3014.56,1
147625,178.97,1
147643,88.07,1
147666,8.92,1
147676,1107.90,1
147687,2707.22,1
147715,840.00,1
147733,9593.92,1
147737,2605.65,1
147755,569.00,1
147763,240.00,1
147773,17703.72,1
147801,61.90,1
147804,2107.70,1
147876,703.22,1
147884,589.94,1
147903,1319.34,1
147906,1380.60,1
147951,13442.20,1
147959,510.50,1
147991,77.00,1
147993,762.73,1
148002,403.03,1
148049,249.72,1
148053,0.73,1
148054,5087.28,1
148089,16.71,1
148094,305.85,1
148103,642.36,1
148109,354.72,1
148126,431.75,1
148128,72.78,1
148134,2364.96,1
148194,856.13,1
148222,18696.00,1
148228,2.70,1
148257,3939.64,1
148263,333.37,1
148265,1205.18,1
148272,2248.14,1
148280,48.60,1
148297,65.18,1
148326,1678.20,1
148330,613.42,1
148339,163.36,1
148344,69.87,1
148346,1125.44,1
148356,59.10,1
148372,155.55,1
148411,548.76,1
148412,152.04,1
148420,115.60,1
148455,418.28,1
148467,2450.25,1
148486,870.81,1
148488,1765.96,1
148497,10528.35,1
148527,1286.95,1
148531,472.14,1
148559,1843.06,1
148577,80.82,1
148584,494.60,1
148601,0.30,1
148618,19.83,1
148643,1636.60,1
148646,779.96,1
148667,2741.76,1
148669,493.36,1
148670,215.56,1
148685,75.36,1
148712,0.63,1
148715,546.62,1
148758,138.00,1
148777,116.33,1
148778,79.48,1
148785,1440.65,1
148786,14235.00,1
148787,132.97,1
148793,1350.33,1
148799,7500.48,1
148812,21.17,1
148814,179.98,1
148817,1022.78,1
148825,6930.54,1
148837,1053.97,1
148854,5.70,1
148882,261.00,1
148886,5645.70,1
148901,13718.25,1
148919,88.30,1
148927,625.07,1
148933,1039.57,1
148939,4920.50,1
148948,292.47,1
148996,148.16,1
149015,2728.23,1
149023,338.16,1
149027,15.20,1
149037,103.26,1
149038,282.80,1
149044,1632.56,1
149049,324.90,1
149064,1130.32,1
149109,366.50,1
149122,623.75,1
149123,393.36,1
149125,926.82,1
149131,774.40,1
149135,552.77,1
149195,824.35,1
149197,135.40,1
149218,11641.72,1
149241,755.25,1
149253,136.38,1
149260,1266.39,1
149290,13.70,1
149303,647.88,1
149361,108.53,1
149402,1018.64,1
149404,532.35,1
149455,705.60,1
149474,239.02,1
149494,1429.08,1
149500,3256.08,1
149515,154.90,1
149546,8.70,1
149547,263.92,1
149548,1183.14,1
149554,109.90,1
149566,2005.46,1
149569,16.18,1
149576,8451.40,1
149577,680.83,1
149584,689.86,1
149591,1748.10,1
149610,401.70,1
149617,1071.90,1
149633,230.92,1
149636,191.14,1
149690,126.78,1
149763,3334.80,1
149770,547.88,1
149812,2035.33,1
149815,1659.44,1
149844,26.00,1
149849,239.70,1
149870,11375.10,1
149887,554.97,1
149903,311.12,1
149946,500.64,1
149950,799.70,1
149951,1103.32,1
149960,921.36,1
150015,124.36,1
150052,106.12,1
150053,117.30,1
150059,400.67,1
150061,10232.00,1
150064,845.02,1
150076,27.02,1
150090,910.22,1
150094,33.17,1
150127,16.62,1
150147,114.27,1
150158,0.12,1
150269,414.90,1
150288,105.82,1
150354,9622.40,1
150462,6.90,1
150582,905.27,1
150663,734.93,1
150664,71.14,1
150678,311.35,1
150733,223.10,1
150757,356.68,1
150819,2025.36,1
150851,223.35,1
150854,679.33,1
150861,888.70,1
150864,408.98,1
150890,2150.70,1
150949,3185.95,1
150981,176.55,1
151037,38.96,1
151082,4.80,1
151113,2906.62,1
151153,100.20,1
151171,437.54,1
151188,657.50,1
151197,11.60,1
151212,30265.20,1
151287,19.85,1
151313,1325.86,1
151321,16.48,1
151366,278.27,1
151402,335.23,1
151404,2881.60,1
151418,0.56,1
151428,329.15,1
151494,0.20,1
151559,27.30,1
151574,106.80,1
151620,1399.86,1
151638,437.35,1
151643,901.64,1
151663,340.50,1
151694,7885.26,1
151709,917.62,1
151759,475.17,1
151765,1900.80,1
151779,102.10,1
151783,597.56,1
151811,1304.46,1
151829,87.68,1
151849,1591.59,1
151879,1036.20,1
151886,1188.72,1
151892,73.15,1
151950,2193.50,1
151952,24.12,1
151953,1365.20,1
151962,371.32,1
151981,964.77,1
151988,482.26,1
152006,62.00,1
152033,761.60,1
152060,453.46,1
152068,78.62,1
152082,74.46,1
152109,2039.84,1
152123,1844.02,1
152140,154.50,1
152141,442.96,1
152174,127.37,1
152177,5721.84,1
152232,840.80,1
152249,145.41,1
152253,355.27,1
152265,2077.53,1
152267,317.05,1
152285,3655.00,1
152336,326.48,1
152346,456.12,1
152353,710.22,1
152360,215.40,1
152369,841.64,1
152402,423.14,1
152421,259.00,1
152429,2373.96,1
152472,4523.70,1
152502,197.30,1
152533,211.86,1
152551,168.60,1
152601,614.10,1
152611,2576.00,1
152659,888.05,1
152692,2657.10,1
152766,1828.56,1
152811,1030.28,1
152825,52.64,1
152826,0.24,1
152855,238.50,1
152884,666.44,1
152896,217.54,1
152969,796.30,1
152970,664.00,1
152978,177.65,1
152979,1187.64,1
152999,658.00,1
153050,1893.26,1
153091,2701.00,1
153103,1474.24,1
153223,2653.36,1
153229,178.55,1
153255,3988.44,1
153351,1664.96,1
153379,1.96,1
153388,159.50,1
153478,3421.46,1
153509,3480.96,1
153519,3804.26,1
153526,2849.25,1
153558,13095.74,1
153574,301.20,1
153700,194.98,1
153726,690.04,1
153741,705.83,1
153762,1161.50,1
153773,198.67,1
153885,299.35,1
153895,261.15,1
153897,7.92,1
153931,661.85,1
153934,373.17,1
153938,969.15,1
153953,3959.52,1
153956,201.83,1
153971,4.92,1
153972,2834.28,1
153974,925.40,1
153987,775.28,1
154046,571.18,1
154050,246.15,1
154092,962.97,1
154108,150.52,1
154128,29.75,1
154133,130.73,1
154143,1689.60,1
154171,887.10,1
154181,5696.72,1
154300,457.20,1
154320,824.19,1
154378,638.63,1
154458,532.10,1
154460,0.10,1
154491,1569.39,1
154508,360.97,1
154509,643.17,1
154556,1383.57,1
154559,628.70,1
154576,419.92,1
154600,415.22,1
154656,690.40,1
154674,505.14,1
154713,73.66,1
154750,417.25,1
154821,6628.62,1
154853,512.77,1
154921,70.44,1
154995,259.18,1
155034,3175.65,1
155035,1755.65,1
155037,425.55,1
155073,356.14,1
155087,11.42,1
155096,1858.68,1
155116,181.84,1
155280,288.47,1
155301,1114.02,1
155427,2777.50,1
155431,250.58,1
155444,968.34,1
155456,1756.30,1
155459,873.54,1
155462,687.27,1
155466,505.05,1
155494,1747.08,1
155621,9521.10,1
155628,11.70,1
155694,612.26,1
155741,601.30,1
155747,163.11,1
155805,126.14,1
155816,0.07,1
155845,1625.89,1
155897,195.34,1
155912,270.17,1
155918,509.05,1
155924,749.98,1
155926,139.06,1
155961,38.90,1
155973,1270.04,1
155987,159.82,1
155992,707.76,1
156042,1283.26,1
156043,4609.43,1
156057,3373.12,1
156077,800.16,1
156078,381.40,1
156080,192.04,1
156099,15.63,1
156132,47.74,1
156152,9.43,1
156159,574.47,1
156167,3520.12,1
156171,309.90,1
156180,38.36,1
156182,345.90,1
156184,657.43,1
156191,78.86,1
156194,34.92,1
156206,2697.96,1
156211,149.77,1
156218,1161.84,1
156219,1828.74,1
156226,129.37,1
156231,394.80,1
156234,469.46,1
156240,125.62,1
156241,944.38,1
156250,309.74,1
156251,153.07,1
156253,397.47,1
156257,795.08,1
156271,121.75,1
156274,58.04,1
156276,430.66,1
156291,644.60,1
156293,354.70,1
156296,53.14,1
156318,29.40,1
156319,365.22,1
156323,2.10,1
156324,1417.85,1
156325,42.87,1
156343,278.80,1
156344,681.78,1
156348,614.47,1
156360,465.18,1
156362,102.55,1
156388,644.80,1
156389,207.14,1
156391,155.32,1
156399,1518.70,1
156400,53.50,1
156406,3393.08,1
156407,532.32,1
156409,82.90,1
156417,948.60,1
156427,1004.06,1
156428,337.15,1
156431,50.24,1
156439,46.97,1
156441,311.60,1
156444,23.25,1
156446,831.54,1
156461,698.67,1
156464,181.88,1
156467,22.60,1
156482,460.35,1
156484,1029.32,1
156487,250.82,1
156494,2.73,1
156498,659.53,1
156501,12.44,1
156504,189.40,1
156510,150.07,1
156512,493.00,1
156519,811.76,1
156521,274.22,1
156534,1311.15,1
156541,505.60,1
156543,351.25,1
156547,876.27,1
156549,176.34,1
156551,12.22,1
156561,5649.15,1
156564,30.07,1
156568,4.25,1
156582,189.60,1
156584,259.03,1
156587,272.60,1
156588,40.52,1
156592,1513.08,1
156604,1.66,1
156605,161.26,1
156607,212.49,1
156608,844.96,1
156610,839.17,1
156612,315.56,1
156619,19.96,1
156631,197.17,1
156647,2644.36,1
156649,69.03,1
156656,1658.96,1
156661,3.04,1
156674,525.92,1
156680,289.67,1
156686,932.75,1
156687,72.38,1
156691,178.42,1
156693,299.12,1
156694,514.73,1
156695,950.02,1
156699,4760.63,1
156703,307.06,1
156708,20.15,1
156716,1055.46,1
156719,336.84,1
156725,278.76,1
156727,140.86,1
156743,249.04,1
156748,670.86,1
156752,242.04,1
156753,74.62,1
156757,992.70,1
156760,324.10,1
156770,64.93,1
156772,242.14,1
156774,137.54,1
156775,903.76,1
156777,0.12,1
156778,123.58,1
156780,0.07,1
156787,402.96,1
156822,650.25,1
156831,1633.14,1
156838,132.26,1
156841,657.36,1
156843,931.40,1
156844,652.75,1
156845,985.00,1
156896,1257.48,1
156901,818.40,1
156905,352.15,1
156908,509.84,1
156925,16359.48,1
156931,262.98,1
156966,351.92,1
156975,39.40,1
156996,2593.60,1
157012,1032.75,1
157039,324.60,1
157115,4893.24,1
157118,380.66,1
157134,2131.35,1
157146,91.62,1
157184,265.00,1
157198,465.94,1
157202,443.25,1
157218,881.64,1
157232,1265.84,1
157248,426.32,1
157272,13.15,1
157277,2375.80,1
157285,111.87,1
157306,255.20,1
157313,178.40,1
157334,1179.66,1
157360,2504.25,1
157377,215.14,1
157419,274.72,1
157423,341.95,1
157465,1405.02,1
157476,446.65,1
157525,2.62,1
157526,114.06,1
157536,43.94,1
157578,124.10,1
157600,360.00,1
157642,286.55,1
157653,141.84,1
157686,123.39,1
1883,0.83,1
4150,4.53,1
4818,134.32,1
5649,208.67,1
8431,1.62,1
22083,71.82,1
38977,245.07,1
39298,8.88,1
74005,2.93,1
143721,33.40,1
146480,337.60,1
147992,26.57,1
148060,55.52,1
148133,23.67,1
148628,160.75,1
149042,51.03,1
149098,13.37,1
149652,532.20,1
150745,1693.36,1
150906,111.30,1
152188,2.97,1
152241,6.77,1
153745,6.10,1
155900,6.40,1
156048,5.60,1
156575,47.63,1
156758,2.43,1
156894,75.08,1
157517,72.72,1
157528,199.95,1
157786,356.00,1
157800,47.84,1
157904,3076.15,1
157916,67.57,1
157933,664.16,1
157976,67.08,1
158109,1.45,1
158129,686.40,1
158145,19.20,1
158179,1346.85,1
158466,222.34,1
158529,1.35,1
158563,97.86,1
7421,0.48,1
8877,0.18,1
147849,16.53,1
148849,0.87,1
149601,14.80,1
151021,68.75,1
151900,116.50,1
152427,0.92,1
152523,25.72,1
153108,35.92,1
155744,425.19,1
156614,9.65,1
156660,212.20,1
157698,502.48,1
157841,211.62,1
157853,435.78,1
157915,105.76,1
157934,64.48,1
157977,174.03,1
157988,712.80,1
157989,252.54,1
157997,1032.74,1
158038,540.15,1
158045,139.23,1
158105,426.15,1
158119,59.40,1
158250,9.65,1
158272,428.40,1
158315,85.44,1
158336,102.08,1
158376,349.30,1
158646,0.32,1
1543,16.36,1
4016,42.40,1
6313,485.35,1
12807,18.77,1
25359,1120.95,1
77476,73.10,1
144023,16.92,1
144397,111.69,1
145212,105.85,1
146401,1.67,1
146675,1.45,1
148329,867.64,1
149883,0.42,1
149892,613.80,1
150823,1.03,1
151819,135.20,1
152138,11.35,1
152959,11.45,1
153235,0.13,1
153930,0.20,1
154358,8.27,1
154735,33.58,1
156183,0.05,1
156542,0.45,1
156767,14.77,1
156795,18.32,1
156887,0.05,1
157166,589.98,1
157502,5.05,1
157568,0.07,1
157594,1.13,1
157816,1807.80,1
158021,0.05,1
158031,27.70,1
158054,346.48,1
158108,0.81,1
158612,0.52,1
9435,193.17,1
11345,0.37,1
12246,1.45,1
13621,0.15,1
14383,0.32,1
15478,50.05,1
59292,145.14,1
144638,39.57,1
145358,44.32,1
145561,20.87,1
148328,0.93,1
149323,0.25,1
149790,0.38,1
149977,23.33,1
151156,659.42,1
154291,11.38,1
154765,99.53,1
154869,20.02,1
155712,26.27,1
156645,0.52,1
156921,12.45,1
157192,0.20,1
157722,582.21,1
157777,236.57,1
157839,4.90,1
157905,5374.59,1
157911,932.84,1
157913,19.37,1
157914,31.14,1
157971,905.18,1
157974,847.88,1
158104,352.14,1
158205,275.27,1
158243,5.37,1
158260,398.85,1
158278,446.97,1
158413,19.60,1
158482,1.80,1
158659,169.58,1
158706,3.02,1
